Title,Link,Date,Content
最低工資要調漲！工商協進會：不宜偏離3%太多,https://tw.stock.yahoo.com/news/%E6%9C%80%E4%BD%8E%E5%B7%A5%E8%B3%87%E8%A6%81%E8%AA%BF%E6%BC%B2%EF%BC%81%E5%B7%A5%E5%95%86%E5%8D%94%E9%80%B2%E6%9C%83%EF%BC%9A%E4%B8%8D%E5%AE%9C%E5%81%8F%E9%9B%A23%E5%A4%AA%E5%A4%9A-105302149.html,,"勞動部將於9月4日上午召開最低工資審議會議，討論最低工資之調幅。對此，工商協進會今（2）日也給出建議，他們表示，同意，但幅度不宜偏離3%太多。 工商協進會指出，員工是企業運作的重要資產與成長動能，經濟增長之果實理應與員工共享，且近年來通貨膨脹加劇，物價上漲，調升最低工資有助於緩解弱勢勞工生活負擔。 工商協進會表示，贊成在最低工資審議機制下，審慎評估整體經濟數據後，調升最低工資。 但政府自105年起，已連續9年調升最低工資(時薪自新台幣120元調至183元，總調幅為52.5%，月薪自20,008元調升至27,470元，總調幅為37.3%)，調幅不小，對於企業帶來一定程度的壓力。 同時根據財政部統計，我國112年綜所稅稅收淨額增加8.29%，主因之一為薪資所得增加；但營所稅額卻因企業獲利下滑，衰退21.44%。 另根據經濟部公布之「112年中小企業白皮書」亦顯示，中小企業仍面臨「利潤縮小、毛利降低」的困境。 政府在調升最低工資時應參酌企業獲利狀況與整體經濟趨勢進行判斷，同時最低工資審議會研究小組應納入更多產業別代表，讓最低工資調整的討論更加聚焦、公正、具說服力。 行政院日前核定軍公教人員待遇自明年起調薪3%，建議最低工資審議會審議明年最低工資調升幅度亦應以此作為重要參考指標，不宜偏離太多，盼能降低中小企業經營成本逐年上升之壓力。 ⭐手刀加入！Yahoo奇摩Line理財官方帳號⭐"
租屋補貼助漲房租？內政部駁斥：已實質照顧租屋族,https://tw.news.yahoo.com/%E7%A7%9F%E5%B1%8B%E8%A3%9C%E8%B2%BC%E5%8A%A9%E6%BC%B2%E6%88%BF%E7%A7%9F-%E5%85%A7%E6%94%BF%E9%83%A8%E9%A7%81%E6%96%A5-%E5%B7%B2%E5%AF%A6%E8%B3%AA%E7%85%A7%E9%A1%A7%E7%A7%9F%E5%B1%8B%E6%97%8F-112520991.html,,政府推出「租屋補貼」政策，遭外界質疑造成租金上漲。內政部國土管理署今天嚴正駁斥，強調比對政策前後，租金上漲者僅占約6％，租金補貼截至目前已核定62萬餘戶，實質照顧及支持租屋民眾，特別是青年及新婚家庭。 國土署表示，截至目前已累積50萬份以上的租賃契約，經前後比對，顯示租金持平者約占93％、租金上漲者僅占約6％、租金下降者占1％，且租金補貼截至目前為止已核定62萬餘戶，實質照顧及支持租屋民眾。 另針對房東部分，國土署指出，政府是給予公益出租人享有房屋稅、地價稅及綜合所得稅共3項的稅賦優惠，並無外傳免除囤房稅的機制，更不可能鼓勵房東結合投資客進行囤房。 國土署強調，租金補貼政策的推動，對於申請民眾資格是有所得及租金上限等限制，因此其所承租的物件也非屬新屋或新古屋，然而外界在討論租屋市場租金上漲議題時，多數會涵蓋剛使用2~3年的新成屋，或使用5~10年的新古屋，其屋齡輕且承租戶的所得或許比較高，所付出的房租也相對會比較高。 但國土署認為，這類族群不會是領取租金補貼的對象，自111年起開辦300億元中央擴大租金補貼專案，截至今年8月底止，核定補貼戶數從111年核准27.8萬戶到現今已申請受理案件數逾85萬戶，核定件數成長至62.8萬餘戶，顯示租金補貼政策確實存在巨大需求。 為擴大照顧及支持各族群的租屋民眾，國土署預估，租金補貼戶數在114年起會提升至75萬戶，並透過隨到隨辦、舊案帶入免重新申請等簡化流程，以持續照顧更多租屋需求民眾。 國土署也提醒，若房東因房客申請租金補貼進而要求漲租或負擔所增加稅賦，房客可向縣市政府提出申訴及要求改正，如不改正者，可處3萬至30萬元罰鍰；又仍拒不改正者，並可加重處5萬至50萬元罰鍰，且得按次處罰，請勿以身試法。 內政部已責成地政司持續辦理租屋市場資訊透明化之措施，包括在去識別化、保障個資隱私及促進租金透明原則下，今年8月先後公布全國140所大學學區周邊及全國278個行政區的實際租金統計資料。 對於樣本數充足行政區，內政部進一步公布不同租屋型態的租金統計，讓租屋族更易瞭解當地租屋市場租金價格情形，作為選擇合理房租負擔參考。後續也將透過定期公布租金統計資料及精進相關作業，穩定租屋市場租金價格，逐步打破租屋黑市，透明化租屋市場及健全發展。
年化報酬率縮水仍達8.6%！「暴力配息ETF」00934本月預估配0.142元,https://tw.stock.yahoo.com/news/%E5%B9%B4%E5%8C%96%E5%A0%B1%E9%85%AC%E7%8E%87%E7%B8%AE%E6%B0%B4%E4%BB%8D%E9%81%9486%EF%BC%81%E3%80%8C%E6%9A%B4%E5%8A%9B%E9%85%8D%E6%81%AFetf%E3%80%8D00934%E6%9C%AC%E6%9C%88%E9%A0%90%E4%BC%B0%E9%85%8D0142%E5%85%83-101646198.html,,"高股息ETF人氣仍旺！首次配息就一鳴驚人、因年化配息率高達19%被稱作「暴力配息ETF」的中信成長高股息（00934），今（2）日公告第一階段分配評價結果，預估每股配發金額為0.142元，換算年化報酬率約為8.6%。 延伸閱讀：策略結盟強？泰福被列注意股 遭強制公布7月自結獲利EPS虧0.78元 「暴力配息ETF」00934今公告第一階段分配評價結果，此次以保守原則預估每股配發金額為0.142元，以今日收盤價19.78元計算，當期殖利率0.72%、年化報酬率約為8.6%。 至於本次除息交易日為9月18日，9月16日買進並持有就能參加除息，收益分配發放日為10月15日。 中信投信表示，第三季台股終止上半年的「驚驚漲」態勢，波動轉趨劇烈，一度從24,000高點回檔近5,000點，近期才反彈至22,000點上。不過投資人仍持續加碼台股ETF，根據集保統計至8月底，台股ETF受益人數已達954萬人，續創新高，其中22檔高股息ETF受益人數達677萬人，更佔據台股ETF受益人數排行榜前五名。 其中，00934自2023年11月1日掛牌至今（截至8月30日），受益人數從一路從掛牌時的2萬9555人攀升至13萬2,831人；今年以來受益人數成長113%，增幅在22檔高股息ETF中排名第4，規模從55億元攀高至327.13億元，大增逾5倍。 經理人張圭慧表示，00934追蹤臺灣優選高股息指數，每年隨台股除息淡旺季，共調整2次，4月除權息旺季著重股息累積、9月除權息淡季搶攻資本成長，兼具股息收入、資本利得增長兩大效益。本月底即將進行成分股調整，可望趕上第四季電子產品出口旺季，並率先搭上明年營運展望佳企業的成長列車。 展望後市，張圭慧認為，儘管近期大盤高檔震盪，不過台灣經濟基本面穩定復甦，7月景氣對策信號雖轉為黃紅燈，但主要是因凱米颱風影響部分生產及出貨遞延，觀察經濟領先指標持續上升，第四季邁入電子產品出口旺季，台股後市不看淡。投資人可採逢低買進策略，並透過一籃子優質股票布局高股息ETF，掌握資本利得及股息收益的機會。 另外，00934已於8月5日開始實施收益平準金機制，以避免除息前夕大量申購導致股息被稀釋，當達到收益平準金的啟動標準時，且符合實際配息率低於參考配息率，以及有稀釋配息率之虞時，即可將部分收益平準金加入該期的配息中，提供相對穩定的配息來源。 ⭐手刀加入！Yahoo奇摩Line理財官方帳號⭐"
螺絲業寒冬! 外銷訂單萎縮 岡山多家業者陷經營困境,https://tw.news.yahoo.com/%E8%9E%BA%E7%B5%B2%E6%A5%AD%E5%AF%92%E5%86%AC-%E5%A4%96%E9%8A%B7%E8%A8%82%E5%96%AE%E8%90%8E%E7%B8%AE-%E5%B2%A1%E5%B1%B1%E5%A4%9A%E5%AE%B6%E6%A5%AD%E8%80%85%E9%99%B7%E7%B6%93%E7%87%9F%E5%9B%B0%E5%A2%83-102719820.html,,南部中心／陳姵妡、廖錦雄 高雄報導 台灣有「螺絲王國」的美名，但因烏俄戰爭跟景氣夾殺，國際訂單驟減，外銷訂單年年萎縮，也讓螺絲重鎮的高雄岡山地區，有多家業者營運出現困難，短期內有十幾家業者調整營業，螺絲相關產業，恐將進入冰河期。  機器不斷旋轉，螺絲上游抽線工廠，進行第一道抽線加工，其他產線靜悄悄。員工：「以前大概1200公噸到1600公噸，現在都不到100公噸。」員工：「我們大家都做起碼都有16年以上了，訂單整個是0啦，來都是沒有機台在動這樣子。」陪公司走過輝煌時期的老員工都很感嘆，但抽線廠已有產線停工，製造部門也即將結束，變賣廠房設備，業者坦言，巔峰時期每年營收破三億，現在每月虧損百萬元，實在撐不下去。螺絲業上游抽線廠業者楊文章坦言：「我這個線材廠，我算小型的，根本沒辦法生存，我現在一個月接的單，我一天就生產完了。」 下游螺絲工廠同樣氣氛低迷，業者透露，烏俄戰爭跟景氣夾殺，國際訂單驟減，產值比起2022年，只剩下一半，業者只能硬撐。螺絲廠業者黃國豪表示：「目前歐洲訂單可以說是消失，前一兩年的確他們通膨很嚴重，戰爭也有影響，但部分的消息是都轉單到中國。」根據螺絲公會資料，短期內已經有近20家螺絲相關產業退出市場，數據來看，2022年產量高峰是168公噸，去年只剩127多噸，衰退兩成，而外銷金額也從63.5億美元降到47.7億美元，今年明顯更低迷。台灣螺絲公會總幹事 黃世宗：「因為中國傾銷，他們賣的是我們成本價，要怎麼去賣，有的是越南的、有的是韓國的螺絲，也都很便宜啊。」高雄岡山是螺絲重鎮，但相關產業中已經有多家業者出現歇業潮，現存的螺絲工廠後續如何轉型，提高競爭力，恐怕是接下來面臨的一大課題。 原文出處：螺絲業寒冬！外銷訂單驟減 相關產業現歇業潮 更多民視新聞報導吳田玉：AI改變經濟 半導體要跨界合作台積電赴日 經部擬在九州設服務公司助供應鏈落地「這4檔」高息ETF今宣佈配息金額 最高收益率11.6%
南市為弱勢投保微型保險人數居冠  南山人壽再捐助微型火災不便費用保險,https://tw.news.yahoo.com/%E5%8D%97%E5%B8%82%E7%82%BA%E5%BC%B1%E5%8B%A2%E6%8A%95%E4%BF%9D%E5%BE%AE%E5%9E%8B%E4%BF%9D%E9%9A%AA%E4%BA%BA%E6%95%B8%E5%B1%85%E5%86%A0-%E5%8D%97%E5%B1%B1%E4%BA%BA%E5%A3%BD%E5%86%8D%E6%8D%90%E5%8A%A9%E5%BE%AE%E5%9E%8B%E7%81%AB%E7%81%BD%E4%B8%8D%E4%BE%BF%E8%B2%BB%E7%94%A8%E4%BF%9D%E9%9A%AA-113745141.html,,"[Newtalk新聞] 南山人壽慈善基金會、南山產物保險公司響應台南市照顧弱勢優先，自111年起與台南市政府共同合作，為台南市65-75歲中低收老人辦理微型保險，今年再度針對全市列冊低收入戶、中低收入戶提供「微型火災不便費用保險」，約3萬5千 人受惠。社會局長盧禹璁局長今（2）日代表市長致贈感謝狀給南山人壽慈善基金會董事李淑娟及南山產物保險公司副總經理楊蕙菁，感謝提供弱勢民眾基本保障。 台南市目前為弱勢民眾投保微型保險人數為7萬8,506人，依據中華民國人壽保險商業同業公會公布各縣市微型保險資料顯示，截至今年7月止投保微型保險有效契約人數占比高達13.05%，為全國各縣市第一名。黃市長說考量弱勢家庭受限經濟因素，無多餘財力另行投保商業保險，社會局自109年起陸續針對轄內列冊低收、中低收入戶、身心障礙、經濟弱勢家庭兒少生活扶助者及特境家庭戶內成員及中低收入老人等投保30~50萬元微型保險，費用由民間公益團體捐贈，若不慎發生意外事故致失能或身故可獲得基本理賠金，特別感謝多家保險業者及民間單位的共同投入，提供弱勢家戶基本保障。 盧禹璁表示，此次捐贈「台南市微型保險火災不便費用保險」，由社會局與南山人壽慈善基金會共同合作，為全市列冊低收入戶及中低收入戶主動投保，提供其因火災事故時能獲得不便險的補償費用。保險期間為期一年，當被保險人居住處所遭遇火災事故時，建築物或屋內物品毀損，能獲得每人定額新台幣8,000元的火災不便費用保險金保障額度（同一事故給付一次，保險期間內最高給付次數以2次為限），保險費用由財團法人南山人壽慈善基金會全額捐助。 社會局說明，此次承保單位為南山產物保險股份有限公司，投保程序簡單便民，由社會局提供符合資格之名冊給該公司核保後納保，符合投保身分者無需自行繳納保費，由微型保險計畫共同合作單位捐助支應。若台南市民對各項「微型保險」有疑問，可洽06-2552330社會局社會救助科王社工。 查看原文 更多Newtalk新聞報導罕見！解放軍「運-9LG」遠程干擾電戰平台機現身泰國只開放花蓮文旦柚輸中？陸委會：把經貿當統戰工具"
國際半導體展週三登場 日月光執行長:從未見過如此大陣仗,https://tw.news.yahoo.com/%E5%9C%8B%E9%9A%9B%E5%8D%8A%E5%B0%8E%E9%AB%94%E5%B1%95%E9%80%B1%E4%B8%89%E7%99%BB%E5%A0%B4-%E6%97%A5%E6%9C%88%E5%85%89%E5%9F%B7%E8%A1%8C%E9%95%B7-%E5%BE%9E%E6%9C%AA%E8%A6%8B%E9%81%8E%E5%A6%82%E6%AD%A4%E5%A4%A7%E9%99%A3%E4%BB%97-111052982.html,,財經中心／楊思敏、胡崇恩 台北報導 國際半導體展即將9/4登場，預計有8萬5千人參觀，日月光執行長吳田玉說，過去40年來，半導體業從沒見過如此大陣仗，在AI浪潮下，生意更是好到無法交貨。經濟部長郭智輝出席活動時，也針對到日本設科學園區，和美國前總統川普嗆台灣搶走晶片生意，做出回應。 國際半導體展將在9/4到9/6展開，今年新增AI、智慧移動、矽光子和精密機械四大科技主題，預估會有8萬5千人參觀，報名人數比去年還多出一半以上。主辦方形容，半導體界的奧林匹克就辦在台灣，除了美國官方首次參展，就連與台灣存在競爭關係的韓國，三星和SK海力士的高層都來台開講。 日月光執行長吳田玉談到，台灣的半導體製造業被推上AI，也就是全世界舞台的第一線，半導體業在過去40年期間，從未見過如此陣仗。他還提到，現在生意好到無法交貨，透過國際合作，能提升台灣半導體價值，台灣有先進製造的優勢，但完全沒有記憶體的優勢，所以在目前的情勢下，應該要廣結善緣、多交朋友。 同場出席活動的經濟部長郭智輝也談到在日本設科學園區，協助台廠落腳的計畫。他表示，會是服務中心的概念，「用我們在台灣的科學園區，然後它是一站式的服務，我們不會在熊本，我們應該會在九州，來服務所有的供應鏈廠商。」 台灣半導體扮演關鍵角色，但在地緣政治風險下，難免牽扯其中。外媒關心，如果前美國總統川普再次當選，要如何說服他，台灣並沒有偷走美國的晶片生意。 郭智輝強調：「台灣當然是沒有偷走美國的晶片業，台灣是幫助美國的晶片業者，在製造上面來互補，那麼我們所做出來的晶片，都是美國業者他們所委託生產的晶片，所以毛利率最高的還是美國的業者。」 大家同在一條船上，強調美國毛利率更高，對於川普的誤會，有機會會向美方說明清楚。  原文出處：國際半導體展本週登場！ 預計吸逾８萬人參觀 更多民視新聞報導半導體展逾1100家廠商力挺 AI先進封裝成焦點吳田玉：AI改變經濟 半導體要跨界合作台積電赴日 經部擬在九州設服務公司助供應鏈落地
前金管會副主委鄭貞茂重返金融圈  任台新投信董事長,https://tw.news.yahoo.com/%E5%89%8D%E9%87%91%E7%AE%A1%E6%9C%83%E5%89%AF%E4%B8%BB%E5%A7%94%E9%84%AD%E8%B2%9E%E8%8C%82%E9%87%8D%E8%BF%94%E9%87%91%E8%9E%8D%E5%9C%88-%E4%BB%BB%E5%8F%B0%E6%96%B0%E6%8A%95%E4%BF%A1%E8%91%A3%E4%BA%8B%E9%95%B7-113337234.html,,（中央社記者謝方娪台北2日電）台新金今天代子公司公告台新投信董事長吳光雄退休，董事會推舉前陽明海運董事長鄭貞茂接任董事長。鄭貞茂亦曾任金管會政務副主委、國發會副主委等職。 台新金8月29日甫代子公司公告台新投信改派法人董事代表人，由鄭貞茂接替吳光雄，自9月1日起擔任台新投信法人董事代表，台新金今天進一步公告，台新投信董事長吳光雄退休，今天起由鄭貞茂接任台新投信董事長。 鄭貞茂過往曾任金管會副主委、全國農業金庫總經理、台灣金融研訓院長、保險安定基金顧問、國立政治大學財務金融學系兼任副教授、花旗銀行財務處副總裁兼首席經濟學家、台經院研究六所助理研究員等職，在公部門、金融業及智庫均有深厚歷練，今年7月起底卸下陽明海運董事長職務後，如今重返金融圈。 台新金今年啟動一連串人事布局調整，包括延攬前經濟部長王美花擔任台新金暨台新銀行獨立董事、前華南金董事長張雲鵬任台新銀行董事，前台灣大學校長楊泮池及前全球人壽董事劉積瑄獲延攬任台新人壽董事。 投信投顧子公司方面，今年台新金除了找來鄭貞茂接任台新投信新任董事長外，亦延攬前聯卡中心董事長劉燈城任台新投信董事，前中小企業信用保證基金總經理洪素珍擔任台新投顧董事長。（編輯：林克倫）1130902
外資賣超159億元 但這4檔金融股竟同獲外資買超逾萬張,https://tw.news.yahoo.com/%E5%A4%96%E8%B3%87%E8%B3%A3%E8%B6%85159%E5%84%84%E5%85%83-%E4%BD%86%E9%80%994%E6%AA%94%E9%87%91%E8%9E%8D%E8%82%A1%E7%AB%9F%E5%90%8C%E7%8D%B2%E5%A4%96%E8%B3%87%E8%B2%B7%E8%B6%85%E9%80%BE%E8%90%AC%E5%BC%B5-114259168.html,,"台股2日開高走低，終場收22,235.1點，下跌32.99點，但三大法人僅投信買買超，外資則是賣超159.88億元，統計外資單日買賣超個股第一名都是金融股，尤其是外資買超的前四名都由金融股包辦，買超富邦金（2881）16,069張最高，遭外資賣超最多的則是中信金。 台股早盤以22,341.9點開出，上漲73.81點，盤中一度上漲逾百點，最高曾達22,439.31點，但10時過後指數翻黑，一度下滑至22,178.04點，權王台積電以948元收盤，上漲4元、漲幅0.42%，聯發科、鴻海收黑，大立光以平盤作收，盤面上以蘋概、網通、折疊機等股的表現較為強勢，大盤指數以22,235.1點收盤。 統計三大法人賣超177.86億元，其中，外資賣超159.88億元，投信買超50.69億元，自營商賣超（合計）68.67億元，其中自營商（自行買賣）賣超4.96億元，自營商（避險）賣超63.71億元。 外資雖是大賣超台股，不過，以買超前十名個股來看，金融股為2日外資最青睞的族群，買超前四名都是金融股，其中，買超富邦金16,069張最多，買超第二名則為開發金，單日買超12,936張，外資買超新光金11,715張，高居外資買超第三名，第四名為國泰金，獲外資買超11,662張。 新光題材仍是焦點 台新金與新光金的新新併殺出程咬金，中信金也向金管會送件 ，將公開收購新光金，媒體報導指出，金管會可能附條件開放中信金公開收購新光金，要求中信金簽署對新壽的「增資承諾書」，且要求新壽的增資是由金控出面辦理現金增資。 中信金在8月20日重訊公告「董事會決議通過向金管會申請投資新光金控」，8月23日再進一步提出公開收購新光金，將以現金搭配換股方式公開收購新光金，每股收購對價為1股新光金換發中信金0.3132股及現金4.09元，取得新光金10%至51%股權。 台新金和新光金則是在8月22日同步召開臨時董事會，通過將以「換股方式」進行合併，換股比例為1股新光金換台新金0.6022股，若以新光金停牌前一日價格計算，收購價為11.32元；台新金與新光金預計10月9日開股東臨時會討論新新併。 金融股獲外資追捧 台股2日小跌收盤，金融股則是撐盤指標，金融股終場收漲0.65%，富邦金、國泰金領漲，開發金、中信金、台新金、新光金等都以紅盤作收，外為買超前十大中，金融股占了4檔，且是買超個股的前四大，其中，新光金居外資買超第三名，連二買。 統計外資買超前十大個股依序有富邦金、開發金、新光金、國泰金、訊舟、長榮航、期元大S&P原油反1、燿華、群益優選非投等債、華航等。 統計外資賣超前十大則依序為，為中信金、群創、陽明、群益台灣精選高息、中石化、元大台灣50反1、期街口布蘭特正2、元大滬深300正2、長榮、富邦恒生國企正2等；外資賣超中信金37,809張，連11賣。 延伸閱讀 中信金搶親新光金 外資連11賣、合計賣超逾51萬張 【看原文連結】 更多udn報導巴菲特慶94歲大壽 愛喝可樂及吃雞塊但有5個好習慣雜事多薪水緩漲…她當老師5年想離職 網指引另一條路駿馬全身發亮「雙肩自帶狼頭紋身」 血統源自宋代名畫日客嫌北市動物園舊「可以不用來」 大批國人挺一特質"
8月PMI連4月擴張　中經院指廠商觀望美國經濟、降息與選情,https://tw.news.yahoo.com/8%E6%9C%88pmi%E9%80%A34%E6%9C%88%E6%93%B4%E5%BC%B5-%E4%B8%AD%E7%B6%93%E9%99%A2%E6%8C%87%E5%BB%A0%E5%95%86%E8%A7%80%E6%9C%9B%E7%BE%8E%E5%9C%8B%E7%B6%93%E6%BF%9F-%E9%99%8D%E6%81%AF%E8%88%87%E9%81%B8%E6%83%85-110931787.html,,中經院今天（2日）發布8月台灣製造業採購經理人指數（PMI）為53.6％，指數回升1.4，是連續第4個月擴張。台灣非製造業經理人指數（NMI）為54.5%，已連續22個月擴張，不過，擴張速度持續趨緩。 根據中經院的資料，8月PMI指數回升，其中，廠商未來6個月展望指數連續7個月擴張，指數卻續跌2.2個百分點、降至52.8%，是今年2月以來最慢擴張速度。中經院院長連賢明說明，主要是受到廠商對於美國經濟、降息與總統大選選情的觀望，加上中國大陸終端需求仍未顯著改善，還有原物料價格回跌的影響。 進一步觀察，8月有4大產業回報PMI擴張，依擴張速度排序為：化學暨生技醫療產業、食品暨紡織產業、電子暨光學產業與基礎原物料產業。交通工具產業回報PMI為持平；電力暨機械設備產業已連續2個月回報PMI為緊縮。 對於景氣後市，連賢明依照8月PMI的調查指出，半導體供應鏈的封測模組與AI相關供應鏈陸續回報拉貨力道有遞延與遲緩跡象，但是整體製造業景氣並未出現反轉，仍屬正面，只是跟先前相比稍微保守。 非製造業NMI指數續跌2.8個百分點、降至54.5%，連續22個月擴張。非製造業未來展望指數連續10個月擴張，而指數持續下跌3.2個百分點至54.6%，為2023年12月以來最慢擴張速度。 非製造業的8大產業，有5大產業回報未來6個月展望呈現擴張，依序是：教育暨專業科學業、運輸倉儲業、營造暨不動產業、金融保險業與批發業。只有住宿餐飲業回報未來6個月展望為持平；資訊暨通訊傳播業與零售業則回報呈現緊縮。（張佳琪報導）
限貸令「房貸卡住」發酵！8月六都移轉月減8%　專家：9月也會反映,https://tw.news.yahoo.com/%E9%99%90%E8%B2%B8%E4%BB%A4-%E6%88%BF%E8%B2%B8%E5%8D%A1%E4%BD%8F-%E7%99%BC%E9%85%B5-8%E6%9C%88%E5%85%AD%E9%83%BD%E7%A7%BB%E8%BD%89%E6%9C%88%E6%B8%9B8-%E5%B0%88%E5%AE%B6-104024436.html,,記者王翊綺／台北報導 新青安政策點燃房市野火，銀行放款過度集中於不動產，引爆「限貸令」風波。信義房屋不動產企研室專案經理曾敬德指出，8月六都建物買賣移轉棟數為2.45萬棟，雖仍較去年同期增加21%，但月減8%，顯示銀行房貸卡卡造成8月交易降溫，9月移轉應該也會出現反映。 7月房市交易狀況仍暢旺，直到8月開始明顯動能漸緩，銀行房貸卡卡影響顯著，因此7月交易到8月過戶就出現了移轉月減現象，8月六都建物買賣移轉棟數為2.45萬棟，月減8%，但仍較去年同期增加21%，信義房屋不動產企研室專案經理曾敬德表示，7月還少2天颱風放假的工作天，8月可以辦理過戶的工作天數比7月多出3天，可見民俗月與房貸吃緊狀況的確對於交易移轉產生影響。 統計顯示，8月六都建物買賣移轉棟數2.45萬棟，年增21%，但月減8%，六都除了台南以外，都繳出移轉棟數月減的表現，台北市8月建物買賣移轉棟數2560棟，月減13%，新北5747棟月減4%，桃園市4727棟月減5%，台中市4996棟月減16%，台南市2510棟月增8%，高雄市3987棟月減8%。 曾敬德指出，銀行房貸卡卡造成8月交易降溫，9月移轉應該也會出現反映，近期政府已經出來喊話，未來房貸撥款狀況與速度應該會穩定一些，不過央行認定金融風險正在攀升，銀行房貸即使不影響首購、都更危老與企業投資，但在風險意識提高之下，要觀察未來是否授信條件趨緊，銀行鑑價、寬限期與房貸年限等變化。 更多三立新聞網報導央行又找銀行喝咖啡！敦促處理民眾「申請房貸困難」案 無殼蝸牛設專線最低工資挑戰連9漲「時薪190元」！工商協進會曬數據：中小企業面臨困境現階段AI只是起手式！吳田玉曝「台廠艱難點」籲跨界合作：廣結善緣台積電2030日本設三廠？郭智輝改口「無法代答」 談台獨家供輝達晶片 看更多相關新聞民眾貸不到款？央行再邀22家銀行「喝咖啡」 四重點、兩措施出爐限貸亂象！楊金龍邀22家國銀「喝咖啡」銀行說法一次看房市近1年首見降溫！專家曝「2觀察指標」賴清德指銀行因應過當 李彥秀：應該先檢討新青安政策
台積電還不是最操！網曝「頂大1狀況」超血汗：累又沒錢,https://tw.news.yahoo.com/%E5%8F%B0%E7%A9%8D%E9%9B%BB%E9%82%84%E4%B8%8D%E6%98%AF%E6%9C%80%E6%93%8D-%E7%B6%B2%E6%9B%9D-%E9%A0%82%E5%A4%A71%E7%8B%80%E6%B3%81-%E8%B6%85%E8%A1%80%E6%B1%97-%E7%B4%AF%E5%8F%88%E6%B2%92%E9%8C%A2-103303145.html,,財經中心／周孟漢報導在台灣被譽為「護國神山」的台積電，在全球晶片產業扮演龍頭角色，每年也提供優渥的薪資、獎金、福利等，成為人人都想進的公司，不過極高的工作壓力也時有所聞。近日就有網友發文，好奇問道「要怎麼讓學生知道台積電有多操？」文章曝光後，掀起熱烈討論，其中就有網友指出，讀頂大研究所時遇到「1狀況」比到台積電操更慘。   1名網友在Dcard以「要怎麼讓學生知道台積電有多操」為題發文，好奇該如何用一句話讓學生理解台積電有多操，表示現在有不少學生不太懂，可能是因為做過服務業、會計業，有長期過很操生活的經歷，又或者曾待過暗黑實驗室，每天活在水深火熱之中，也有可能出身自私校高中，被學校的老師、學長姐高壓統治過，原PO認為，上述提及的這些年輕人，早就身經百戰，「要怎麼讓他們知道台積電有多操？」。  文章曝光後，立刻引發許多人共鳴，直喊「你各位知道2330是什麼意思嗎？那是下班時間」、「真實案例：我家被斷水斷電了，因為上班忙到沒時間去超商繳費，下班累到停車場一上車沒發動車就睡」、「去台積電要早八晚十，工作強度和高三一樣，半夜和假日還會被打電話討論錯題？」、「拿那個該死的健康報告就可以了」、「你賺的不是錢，是醫療費」、「2330意思是你每天只有30分鐘吃飯閉眼休息，剩下的23小時30分鐘都在工作」。  除此之外，也有曾讀頂大研究所時，選到暗黑實驗室的網友表示，「實驗室比台積奴多了，我公司下班還不會天黑，實驗室出來沒有看過白天，有沒有在管你連7跟12小，用台大那些破儀器做垃圾實驗，還沒領幾個錢，進公司真的爽多了」、「老實講，黑的實驗室才可怕。進台積不適應了不起換公司，黑實驗室要畢業了一直故意卡你學歷，這種賤人教授還不少。再補一點，在台積被當狗罵好歹有錢，在實驗室被當狗罵當狗用當狗酸什麼都沒有」、「真的…黑的實驗室才可怕…我朋友一天睡不到5小時，前幾個禮拜的颱風假，高雄淹水下暴雨，跟教授說外出騎機車危險，而且政府也說放颱風假了，能不能不要過去，先改做一些線上能做的事就好，答案是不行，至少大公司颱風天一定是會放…」。  原文出處：台積電還不是最辛苦！過來人點出「頂大1狀況」有夠血汗：累又沒錢 更多民視新聞報導不只台積電「台灣這些公司」也世界第一！網見1關鍵秒開酸台積電工作文化「累倒美國人」？學徒計畫員工親吐真心話館長狂讚中國《黑悟空》！竟大酸台灣：除了台積電沒別的可吹
AI帶動半導體強勢復甦　預估2030年成長24%,https://tw.news.yahoo.com/ai%E5%B8%B6%E5%8B%95%E5%8D%8A%E5%B0%8E%E9%AB%94%E5%BC%B7%E5%8B%A2%E5%BE%A9%E7%94%A6-%E9%A0%90%E4%BC%B02030%E5%B9%B4%E6%88%90%E9%95%B724-110050357.html,,[NOWnews今日新聞] 「SEMICON Taiwan 2024」將於4日登場，SEMI國際半導體協會今（2）日指出，半導體帶動台灣經濟外溢，產官攜手SEMICON Taiwan影響力與規模再攀高峰，預估AI將帶動半導體強勢復甦，2030年推估成長24%。 全球最大且最具影響力半導體年度盛會「SEMICON Taiwan 2024」國際半導體展將於9月4日至6 日於南港展覽館一、二館盛大登場，展會規模空前，被譽為「半導體界的奧林匹克」。今日舉行展前記者會，經濟部長郭智輝、日月光執行長吳田玉，以及台灣機械工業同業公會（TAMI）理事長莊大立與台灣工具機暨零組件工業同業公會（TMBA）理事長陳伯佳等多位產業領袖共襄盛舉，剖析市場前景展望，探討台灣半導體如何運用產業優勢強化外溢效應。 會中，SEMI全球行銷長暨台灣區總裁曹世綸​表示，台灣的半導體行業在近幾年來已成為整個行業中，最具影響力與話語權的重要區域，除了半導體本身，台灣的設計、製造和封裝測試也引領風騷，帶動整體行業發展，特別是在先進製造與先進封裝，以及晶圓2.0，台灣事實上是在重新形塑與規範，整體行業全新的樣貌，台灣被世界所注目的焦點也與過去五年明顯不同，基於市場的變化，許多產業的重要關鍵字，都是從台灣開始發聲。最經典的案例就是6月時超微（AMD）執行長蘇姿丰的一段話：台灣是唯一一個，當說出CoWoS時，大部分的人會知道是什麼的地方。 受AI、地緣政治、供應鏈韌性強化等措施，半導體投資和產能增長將在全球範圍內實現多元化，並推動半導體市場進入新一輪增長期。SEMI產業研究資深總監曾瑞榆指出，受季節性需求疲軟及消費者購買力下降影響，2024年第一季電子產品銷售雖然微幅下滑，然而，IC市場的回溫，已迅速反應在第一季記憶體價格與市場銷售，並大幅攀升79%，預期至2030年以前仍將持續強勁增長達到27至29%的年成長率。 而由AI驅動的高效能運算（HPC）晶片需求更將加速帶領半導體產業進入強勁的復甦期，預計至2030年以前，AI半導體市場年複合成長率將高達24%，並持續帶動半導體設備市場實現兩位數增長，市場規模有望超過1270億美元，其中台灣、中國和韓國將繼續在設備支出部分保持全球領先。 國際半導體協會表示，半導體業不僅是當前許多行業的基礎，對於發展衛星、無人機、自駕車、人工智慧、安控等產業，掌握先進製程與晶片至關重要。而台灣半導體產業作為全球科技發展的核心驅動力，其經濟外溢效應正推動各領域的創新轉型，從電動車、資料中心相關供應鏈到機械工業和工具機業等領域。 更多 NOWnews 今日新聞 報導 半導體遇AI迎黃金時刻！吳田玉點出台灣盲點 廣結善緣成賽局關鍵 國際半導體展亮點一次看！黃仁勳會來嗎？哪些類股將受惠？ 今日來講股／台股狹幅震盪 分析師曝「2關鍵」指數可望再攻前高
Fed降幅不如預期！新台幣失守31字頭、收32.021元,https://tw.news.yahoo.com/fed%E9%99%8D%E5%B9%85%E4%B8%8D%E5%A6%82%E9%A0%90%E6%9C%9F-%E6%96%B0%E5%8F%B0%E5%B9%A3%E5%A4%B1%E5%AE%8831%E5%AD%97%E9%A0%AD-%E6%94%B632-021%E5%85%83-112903079.html,,美國日前公布重要通膨數據，市場預期聯準會（Fed）降息1碼機率較高，推升國際美元走升，亞幣全面失守，新台幣今（9/2）開盤即小貶，加上台股由漲轉跌，外資大賣超，投信也持續匯出，匯價盤中重貶逾1角，央行進場防守，仍失守31字頭，終場收在32.021元、貶8.1分，創下近2周新低，總成交值20.035億美元。 美國日前公布7月個人消費支出物價指數（PCE）出爐，符合市場預期，顯示通膨平穩，市場認為Fed在9月降息1碼的機率偏高，美元指數走揚，非美貨幣全面翻黑。 匯銀人士指出，PCE數據出爐，使得美元止跌回穩，站穩101.6至101.7之間，又在人民幣和日圓偏弱的情況下，使得亞幣全面疲軟，新台幣一開盤就小貶，接著台股由紅翻黑，外資賣超159億元，且投信有海外買盤，匯價直接摜破32元整數關卡。 匯銀人士指出，央行見新台幣貶勢擴大，進場阻貶，使得貶福有些微收斂，但失守31字頭。後續要觀察美國公布的非農就業數據、製造業PMI指數，以及Fed開會結果；倘若Fed如預期降息1碼，市場早已提前反應，恐怕難有升值空間，況且，近期台股動能不足，短期內在31.9至32.1元間震盪。 根據央行統計，美元指數漲0.31%、歐元貶0.16%，日圓重貶1.05％、星幣貶0.33％、韓元貶0.29％、人民幣貶值0.28％、新台幣貶0.25％，越南盾小跌0.02%。 更多太報報導  降息助攻漲勢！新台幣8月強升近9角 月線收紅、中止連二黑  股匯再脫鉤！出口商急拋匯 助新台幣黑翻紅、收31.903元  股匯脫鉤！2股力道抗衡 新台幣連二貶、收31.95元
證券成交量前二十名　冠亞軍依舊這兩家　其中三檔ETF即將配息,https://tw.news.yahoo.com/%E8%AD%89%E5%88%B8%E6%88%90%E4%BA%A4%E9%87%8F%E5%89%8D%E4%BA%8C%E5%8D%81%E5%90%8D-%E5%86%A0%E4%BA%9E%E8%BB%8D%E4%BE%9D%E8%88%8A%E9%80%99%E5%85%A9%E5%AE%B6-%E5%85%B6%E4%B8%AD%E4%B8%89%E6%AA%94etf%E5%8D%B3%E5%B0%87%E9%85%8D%E6%81%AF-102920238.html,,財經中心／綜合報導 新新併購事件，投資客踴躍進場。今（9/2）成交量人氣王前20名，毫無懸念由新光金（2888）及中信金（2891）摘下冠亞軍，另外有三檔ETF即將配息，市場關注買氣旺、也穩居排行中。 受到新新併購事件，各自看好的投資客踴躍進場，以票支持。9月2日成交量人氣王，新光（2888）往前飛，中信（2891）繼續追，毫無懸念持續由新光金（2888）13.96張及中信金（2891）11.85張摘下冠亞軍，合計來到25.69萬張，老三則是元大美債20正2（00680L），成交量達10.69萬張，第四名期街口布蘭特正2（00715L），成交量10.15萬張，第五名是常勝軍元大台灣50反1（00632R），本日交易量為8.55萬張。 第六名電子股的群創光電（3481），交易量來到7.89萬張，也是前十名中唯一電子個股，第七名元大滬深300正2（00637L），交易量7.57萬張，第八名富邦恒生國企正2（00665L），交易量6.96萬張，第九名見到群益台灣精選高息（00919），成交量6.05萬張，第十名大關落在國泰20年美債正2（00688L）。 最接近前十的為第十一名復華台灣科技優息（00929），交易量4.96萬張，第十二~十五名，分別為訊舟（3047）、聯鈞（3450）、東台（4526）以及一詮（2486），交易量在4.9－4.7萬張之間，第十六名元大台灣價值高息（00940），交易量4.63萬張，第十七名中石化（1314），交易量為4.5萬張，最後排序到二十名，分別是十八開發金（2883）、十九錸德（2349）以及二十期元大S&P原油反1（00673R），交易量都在4萬張上下。   本日上榜ETF，群益台灣精選高息（00919）、復華台灣科技優息（00929）、元大台灣價值高息（00940），三檔皆即將除息，其中群益台灣精選高息（00919）公告第6次配息，前五次配息發配金額分別為0.54、0.54、0.55、0.66、0.7元，配息政策階梯式向上，已連續5次預估年化配息率逾10%，第6次配發金額為0.72元，成為市場注目焦點。復華台灣科技優息（00929）將在9月13號發放股息金額0.16元，以今日每股收盤價19.72元估計，年化配息率為9.72%，跌破10%。元大台灣價值高息（00940）9月5號除權息，10月1號發放0.05元，以今日每股收盤價9.78元估計，單月配息殖利率約為0.5%。 《民視新聞網》提醒您：內容僅供參考，投資人於決策時應審慎評估風險，並就投資結果自行負責。 原文出處：證券成交量前二十名 冠亞軍依舊這兩家 三檔ETF配息也很熱 更多民視新聞報導MLB（影）／阿瓦瑞茲連4季30轟 太空人4連戰橫掃皇家00673R淨值回升 證交所：9/3起恢復融資融券交易00919股息連4升 本季擬配息0.72元9/23除息
明年統籌款    北市首破700億冠全台,https://tw.news.yahoo.com/%E6%98%8E%E5%B9%B4%E7%B5%B1%E7%B1%8C%E6%AC%BE-%E5%8C%97%E5%B8%82%E9%A6%96%E7%A0%B4700%E5%84%84%E5%86%A0%E5%85%A8%E5%8F%B0-110106509.html,,【記者李娜台北報導】中央普通統籌分配稅款，明年度六都分走65%，全國並以台北市獲配逾707億元居冠元。中央對地方的財政支援，除中央統籌分配稅款由財政部按一定公式設算，並經地方政府確認後辦理分配，還包含一般性及專案性補助款，由行政院主計總處設算分配；計畫型補助款則由中央各主管機關辦理。統籌稅款方面，財政部會先通知地方政府，隔年可領到多少，將除以12個月、按月平均撥付；等當年收完稅，若實際數比預算數多，可望加發「紅包」給各地方政府。據財政部最新公布的普通統籌分配稅款明細，明年度通知分配金額總計4461.17億元，續寫歷史新高，比今年度通知分配金額增加超過649億元。全台22個縣市的分配金額均呈年增格局，檢視各縣市情形，六都分走近2907.44億元，占總額逾65%，其餘16縣市及鄉鎮市只分到近3成5、約1553.72億元。六都中，台北市明年分配金額達707.02億元居冠，新北市550.61億元居次， 高雄市507.41億元排第三，台中市452.44億元位列第四，桃園市362.75億元居第五，台南市327.21億元排第六。根據現行財劃法，中央將屬於國稅的所得稅、營業稅、貨物稅一部分，與屬於地方稅的土增稅一部分，納入普通統籌分配稅款，再透過公式指標分配給地方政府。為強化分配公式的合理性，財政部表示，未來修法將研議劃一直轄市及縣（市）分配基礎。截至目前，地方政府所提80個統籌稅款分配建議指標，已有23個指標因較不具客觀性或普遍性，原則上不會採行。2024/09/02
跟上台積電！經濟部將在九州設服務公司　助台廠供應鏈落地日本,https://tw.news.yahoo.com/%E8%B7%9F%E4%B8%8A%E5%8F%B0%E7%A9%8D%E9%9B%BB-%E7%B6%93%E6%BF%9F%E9%83%A8%E5%B0%87%E5%9C%A8%E4%B9%9D%E5%B7%9E%E8%A8%AD%E6%9C%8D%E5%8B%99%E5%85%AC%E5%8F%B8-%E5%8A%A9%E5%8F%B0%E5%BB%A0%E4%BE%9B%E6%87%89%E9%8F%88%E8%90%BD%E5%9C%B0%E6%97%A5%E6%9C%AC-104727131.html,,台積電赴日本設廠，經濟部長郭智輝今（2）日透露，為協助供應鏈落地，經濟部正在規劃於日本九州設立服務公司，提供一站式服務，主要為台灣供應鏈廠商提供支持，而長崎、大分、宮崎、北九州等地也歡迎台廠投資布局；而關於台積電是否設立熊本第三廠，郭智輝則強調他無法替台積電代為回答。 日媒共同社近日報導，郭智輝稱台積電將在熊本設立第三廠，對此郭智輝在參加「SEMICON Taiwan 2024國際半導體展」展前記者會時表示，他無法替台積電代為回答，「我不知道，要問台積電。」台積電熊本一廠預計在今年第4季開始量產，二廠的興建也計畫在今年底啟動。 郭智輝自上任以來已兩度拜訪日本，上周剛結束在東京的「台日科技對話」，他今日表示，由於台日兩國之間的投資合作項目正在加速推進，未來仍有計劃再次訪日。 為協助台廠投資落地日本，郭智輝表示，經濟部規劃在九州設立服務公司，提供一站式服務，主要為服務台灣供應鏈廠商赴日投資。日本的長崎、大分、宮崎、北九州等地都歡迎台廠投資，因為現階段需要整合不同的投資條件，所以規劃先透過設立服務公司，協助廠商快速落地。 針對是否會前往日本其他地區設點，郭智輝指出，現階段經濟部將以九州為主，並視產業發展需要，評估未來是否在關西、關東地區設立更多據點。他提到，台灣往日本的投資應以供應鏈關係居多，台日產業之間的合作有加乘效果。 除了半導體合作外，郭智輝也強調了AI產業的潛力，並表示台灣的AI硬體發展已達全世界第一，能夠協助其他國家發展AI產業，也希望國際AI軟體公司能來台合作，他預計2025年至2028年將是AI發展的關鍵期，而台灣將在此期間發揮重要影響力。 此外，若美國共和黨總統候選人川普再次當選，如何說服他台灣沒有偷走美國晶片業？郭智輝則明確表示，「台灣當然沒有偷走美國的晶片業」，並強調台美兩國在晶片製造上是互補關係，由美國業者委託台灣廠商來生產晶片，因此美國業者還是保有最高的毛利率，未來台灣將會繼續向美方說明清楚。 更多風傳媒獨家新聞： ‧ 台積電海外設廠態度差很大？專家曝美國最艱辛：對德國投資非常積極 ‧ 救亡圖存！英特爾傳賣晶圓代工賠錢貨 分析師曝這公司接手可能性最高 更多風傳媒報導 救亡圖存！英特爾傳賣晶圓代工賠錢貨 分析師曝這公司接手可能性最高 台積電海外設廠態度差很大？專家曝美國最艱辛：對德國投資非常積極 「半導體四天王」首度同台！不只台積電、三星 設計與封裝巨頭也來了
賴總統重申沒限貸令 央行再找國銀「喝咖啡」閉門討論,https://tw.news.yahoo.com/%E8%B3%B4%E7%B8%BD%E7%B5%B1%E9%87%8D%E7%94%B3%E6%B2%92%E9%99%90%E8%B2%B8%E4%BB%A4-%E5%A4%AE%E8%A1%8C%E5%86%8D%E6%89%BE%E5%9C%8B%E9%8A%80-%E5%96%9D%E5%92%96%E5%95%A1-%E9%96%89%E9%96%80%E8%A8%8E%E8%AB%96-102933412.html,,財經中心／唐詩晴、梁駿樂 台北報導 限貸令亂象，不斷浮出檯面，就連總統賴清德也很關心，昨天接受專訪時再次幫央行澄清，沒有限貸令，認為是金融行庫因應過當了，回應總統的關切，周一一早，央行總裁楊金龍親上火線，再次找來國銀喝咖啡，最後達成兩點決議，針對首購族希望滿足需求，至於客訴則希望柔性勸導。 總統賴清德vs.主持人：「最近包括某政治人物的太太，去看1.2億的房子，大家都在想說到底買不買得起，你會去看1.2億的房子嗎？，基本上因為我當總統，我關心的是一般的人，能不能夠有房子可以住。」 節目專訪上，把時事題導到居住正義，總統賴清德，答得巧妙，同時也重申，政府沒有限貸令，央行找國銀討論房貸總量管理，是依法關注貸款安全。 總統賴清德重申，政府沒有限貸令。（圖／民視新聞） 總統賴清德vs.主持人：「中央銀行是在提醒，金融行庫在因應這個事件的時候，過當了。」  民視記者唐詩晴：「限貸令引發民怨，總統賴清德認為，是金融行庫因應過當才導致，不過就在週一一早，又傳出央行找來國銀喝咖啡，聚焦首購族放貸及客訴，兩大面向商討解方。」 周一一早，陸續有10幾台黑頭車進入央行。（圖／民視新聞） 一早9：40分左右，十幾台黑頭車，魚貫開入央行，傳出央行總裁楊金龍，親上火線，召集八大公股行庫總經理，開了2小時的閉門會議，連業務局、檢查局都要旁聽，最後楊金龍做出裁示，一要滿足首購族貸款需求，避免交屋違約，二來針對客訴，務必柔性勸導，但光是6月，國銀不動產放款占比，已經來到37.4%新高水位，有可能嗎？  房產趨勢中心經理陳定中：「已經談下去的，談好的一些條件，如果你都可以接受，那就盡快的去讓它進行，後續的貸款流程，要不然時間你越拖，申貸的時間越晚，可能又會遇到後續的，可能年底購屋旺季的，一些競爭的關係。」 房市專家認為，行庫放貸緊縮的狀況，將持續到年底購屋旺季，銀行內控機制，如何在滿水位，和便民之間，取得平衡，考驗各方智慧。  原文出處：賴總統重申沒有限貸令！ 楊金龍親上火線找國銀「喝咖啡」閉門討論 更多民視新聞報導房貸鬧錢荒限縮房貸衝擊！8月房市交易量月減23%金價站穩2500美元? 每錢一度突破台幣10140元民眾黨公開搜索畫面「提3質疑」 黃國昌轟北檢說謊 看更多相關新聞民眾貸不到款？央行再邀22家銀行「喝咖啡」 四重點、兩措施出爐限貸令「房貸卡住」發酵！8月六都移轉月減8% 專家：9月也會反映限貸亂象！楊金龍邀22家國銀「喝咖啡」銀行說法一次看房市近1年首見降溫！專家曝「2觀察指標」賴清德指銀行因應過當 李彥秀：應該先檢討新青安政策
金價站穩2500美元? 每錢一度突破台幣10140元,https://tw.news.yahoo.com/%E9%87%91%E5%83%B9%E7%AB%99%E7%A9%A92500%E7%BE%8E%E5%85%83-%E6%AF%8F%E9%8C%A2-%E5%BA%A6%E7%AA%81%E7%A0%B4%E5%8F%B0%E5%B9%A310140%E5%85%83-065537054.html,,"財經中心／葉為襄、郭文海 台北報導 八月中旬，國際金價當時才剛站上每盎司2508美元，沒想到才過兩星期已經來到2527美元！每錢一度突破新台幣1萬0140元，但黃金真的會再漲嗎？就有銀樓業者分析，這波漲勢除了烏俄戰爭和以巴衝突影響，還跟""去美元化""有關，因此業者認為，年底前有機會上看每盎司2600美元。 拿起火槍，把黃金熔成液態，黃金漲個不停，就連民眾到銀樓，喜好也跟著不同。 銀樓業者鄭如芳表示一兩重這個價格會在10萬塊錢。小小一個手鐲，要價10萬，金飾一入手就要扣掉2成耗損，現在買到底划不划算？因為國際金價上週來到最高每盎司2527美元，每台錢衝破10140元，但是從2017年以來，每年金價在9月都會下跌，今年有可能打破魔咒嗎？銀樓業者鄭如芳分析如果說一般這種飾品的，金飾銷量有相對的減少，買飾品的人都會覺得說，那我還不如買一個小金塊，小金豆，國際上有一個說法就是說，要去美元化，那中國跟俄國跟歐洲，很多國家他們會大量的買黃金，我覺得在年底應該很容易看到2600美元。 業者分析，去美元化也是黃金漲勢不斷的一大原因，攤開半年來黃金走勢，從2/15的1994美元，一路飆漲，8/30衝上最高2527美元，雖然周一金價小小回落，但是專家仍看好黃金的長線走勢。  台灣金融培訓協會理事長林昌興說聯準會預計9月份，啟動降息循環之下，今年度可能降息四碼，造成了美元報價，其實直接的滑落，所謂的全球的央行，持有的黃金並不是短線操作，而是準備長期的持有，因此外資法人持續的提出，如果黃金跌破2500美元，是一個好的加碼點，而不是出場點。今年九月美國聯準會有機會降息，連帶讓美元指數回落，帶動黃金漲幅，但提醒投資人買金飾和金條成本大不同，想要投資保本，買甚麼得多思量。 原文出處：國際金價站穩2500美元？每錢一度破台幣10140元 更多民視新聞報導台股成交量再下殺…收盤跌32點！專家揭「漲勢出現」：等到這時中東戰火一觸即發! 專家:本週金價有望創歷史新高國際黃金價格創歷史新高！每盎司飆破2500美元 專家曝兩原因"
〈開發金法說〉兩手策略擴大銀行規模 房貸瀕警戒線採保留資源,https://tw.stock.yahoo.com/news/%E9%96%8B%E7%99%BC%E9%87%91%E6%B3%95%E8%AA%AA-%E5%85%A9%E6%89%8B%E7%AD%96%E7%95%A5%E6%93%B4%E5%A4%A7%E9%8A%80%E8%A1%8C%E8%A6%8F%E6%A8%A1-%E6%88%BF%E8%B2%B8%E7%80%95%E8%AD%A6%E6%88%92%E7%B7%9A%E6%8E%A1%E4%BF%9D%E7%95%99%E8%B3%87%E6%BA%90-110854334.html,,近期金金併議題引起市場高度關注，開發金 (2883-TW) 今 (2) 日舉行法說會，總經理楊文鈞表示，管理層已備妥二種擴大銀行規模的策略，除了靠自己成長外，若有適合對象，即使獲利被稀釋，也會考慮併購；凱基銀行上半年放款成長強勁，銀行法 72-2 條房貸警戒線已來到 27.5%，下半年確實轉趨謹慎，保留資源給一些目標客群。 楊文鈞於法說會中談及併購議題，他直言，凱基銀行確實規模最小，分行數只有倒數第二家的一半，50 家分行據點不是不能做，但 100 家會不會更容易做，答案是肯定的，因此，經營團隊在擴大銀行規模議題上，做了很多討論。 楊文鈞認為，沒有小而美的銀行，金控是一顆大樹，銀行就是它的根，必須要有一定的規模，否則接不住龐大的業務。擴大規模有二個版本，第一是靠併購，但要能碰到價格合適、資源有互補性、增加網絡據點，才會認真去考慮，不過，「很難說買就一定好，因為要做的功課不一樣」；另一方面則是靠自己，但時間可能會拖得比較久。 楊文鈞進一步指出，經營銀行有三大基本要素，第一是資本、第二是人才，第三才是據點，近期業界大搶理專，因此，如何吸引培養好的人才是目前很重要的功課，我們將會持續加強，事實上，證券為我們帶來很多客戶，但銀行吃不下來那麼多的量，未來幾個月會繼續投入更多人才的培養，這是最重要的。 楊文鈞表示，隨著業務一直成長，資本適足率 (CAR Ratio) 就會變小，如果收購一家銀行，就能變相增加資本；若無法收購，也可在適當時機進行增資。 凱基銀行上半年持續擴大放款規模，中小企業、消費貸款、房屋貸款及大型企業放款皆呈現雙位數年成長。總經理許維銘指出，疫情過後，法金、個金放款成長動能都相當強勁，但也會考量風險性資產 (RWA) 的增加，對於資本適足率的影響。 展望全年放款目標，許維銘表示，希望維持成長 10%-15%，並持續優化放款組合，包括個金的房貸、信貸以及法金專案融資，會謹慎維持在預算內。 對於銀行法 72-2 條房貸警戒線，許維銘說明，凱基銀行上半年度已經來到 27.5%，因此開始審慎看待額度控管問題，尤其是 6 月之後到第三季，股利發放後會有些存款的變動。 對於外界質疑是否有限貸令，許維銘透露，今天上午前往央行開會，總裁楊金龍詢問各家業者的看法，就凱基銀行來說，並沒有所謂的限貸令，我們會根據自身的資源，在撥貸上有一些流程順序的考量，業界對於 72-2 條限制都相當謹慎，使得民眾很緊張借不到錢。 就凱基銀行自家政策來說，許維銘表示，還是希望房貸資源保留給一些目標客群，因為承作量能沒有這麼大，資源相當珍貴，目前沒有接獲客戶來抱怨借不到，至於延後撥貸的說法，許維銘強調，貸款程序沒有這麼單純，中間還涉及房屋鑑價、對保、額度等相關事宜。 更多鉅亨報導•楊文鈞為股價抱屈致歉 股利政策轉向長遠穩定
2024年全球乳業20強榜單發佈 伊利蟬聯全球五強、亞洲第一,https://tw.stock.yahoo.com/news/2024%E5%B9%B4%E5%85%A8%E7%90%83%E4%B9%B3%E6%A5%AD20%E5%BC%B7%E6%A6%9C%E5%96%AE%E7%99%BC%E4%BD%88-%E4%BC%8A%E5%88%A9%E8%9F%AC%E8%81%AF%E5%85%A8%E7%90%83%E4%BA%94%E5%BC%B7-%E4%BA%9E%E6%B4%B2%E7%AC%AC-110100099.html,,阿姆斯特丹2024年8月30日 /美通社/ -- 繼伊利在8月20日Brand Finance發佈的品牌價值榜蟬聯全球乳業第一後，8月26日，荷蘭合作銀行發佈「2024全球乳業20強」榜單，伊利再度蟬聯全球乳業五強、連續11年穩居亞洲乳業第一，再次成為唯一進入全球五強的亞洲乳企。 「2024全球乳業20強」榜單以全球各大乳品企業銷售數據和財務報表的信息作為排位的主要依據，是目前全球乳業權威排行榜單之一。綜合來看，全球乳業競爭格局日趨激烈，本年度20強排名變化顯著，其中，僅有不到一半的上榜公司排名與上一年度相同，有7家乳企排名出現不同程度的下降，1家乳企被擠出20強榜單。 伊利堅持高目標引領，憑借全產業鏈的競爭優勢持續擴大領先地位，實現營業總收入連續31年穩健增長，穩居全球乳業五強、亞洲乳業第一。2023年，伊利堅守品質根基，通過調整產品結構、優化銷售模式等帶動消費增長，通過加碼創新和數智化投入進一步提升運營效率，推動公司實現營業總收入1261.79億元、歸母淨利潤104.29億元，雙創歷史新高。其中，伊利海外業務表現同樣亮眼，Cremo、Joyday暢銷東南亞，產品首次登陸非洲，公司整體海外收入同比增長10.08%，產品已銷往60多個國家和地區，正獲得越來越多全球消費者的喜愛。2024年一季度，伊利實現總營收325.77億元，歸母淨利潤59.23億元。 荷蘭合作銀行報告指出，全球乳製品市場規模保持增長，乳企紛紛調整戰略仍有增長潛力。作為全球乳業五強、亞洲乳業第一，伊利在實現自我穩健發展的同時，引領行業高質量發展，加快向著「成為全球最值得信賴的健康食品提供者」的企業願景前行。 View original content to download multimedia:https://www.prnewswire.com/apac/zh/news-releases/202420--302235902.html SOURCE 伊利集團
